,aspiration-std,aspiration-turbo,fuel-type-diesel,fuel-type-gas,symboling,normalized-losses,make,num-of-doors,body-style,drive-wheels,engine-location,wheel-base,length,width,height,curb-weight,engine-type,num-of-cylinders,engine-size,fuel-system,bore,stroke,compression-ratio,horsepower,peak-rpm,city-mpg,highway-mpg,price,city-L/100km,highway-L/100km,horsepower-binned
0,1,0,0,1,3,122.0,alfa-romero,two,convertible,rwd,front,88.6,0.8111484863046613,0.8902777777777777,0.8160535117056856,2548,dohc,four,130,mpfi,3.47,2.68,9.0,111,5000.0,21,27,16500,11.0,9.0,low
1,1,0,0,1,1,122.0,alfa-romero,two,hatchback,rwd,front,94.5,0.8226814031715521,0.9097222222222222,0.8762541806020067,2823,ohcv,six,152,mpfi,2.68,3.47,9.0,154,5000.0,19,26,16500,12.0,9.0,medium
2,1,0,0,1,2,164.0,audi,four,sedan,fwd,front,99.8,0.8486304661220567,0.9194444444444445,0.9080267558528428,2337,ohc,four,109,mpfi,3.19,3.4,10.0,102,5500.0,24,30,13950,10.0,8.0,low
3,1,0,0,1,2,164.0,audi,four,sedan,4wd,front,99.4,0.8486304661220567,0.9222222222222223,0.9080267558528428,2824,ohc,five,136,mpfi,3.19,3.4,8.0,115,5500.0,18,22,17450,13.0,11.0,low
4,1,0,0,1,2,122.0,audi,two,sedan,fwd,front,99.8,0.8519942335415667,0.9208333333333333,0.8879598662207359,2507,ohc,five,136,mpfi,3.19,3.4,8.5,110,5500.0,19,25,15250,12.0,9.0,low
5,1,0,0,1,1,158.0,audi,four,sedan,fwd,front,105.8,0.9259971167707832,0.9916666666666667,0.931438127090301,2844,ohc,five,136,mpfi,3.19,3.4,8.5,110,5500.0,19,25,17710,12.0,9.0,low
6,1,0,0,1,1,122.0,audi,four,wagon,fwd,front,105.8,0.9259971167707832,0.9916666666666667,0.931438127090301,2954,ohc,five,136,mpfi,3.19,3.4,8.5,110,5500.0,19,25,18920,12.0,9.0,low
7,0,1,0,1,1,158.0,audi,four,sedan,fwd,front,105.8,0.9259971167707832,0.9916666666666667,0.9347826086956522,3086,ohc,five,131,mpfi,3.13,3.4,8.3,140,5500.0,17,20,23875,14.0,12.0,medium
8,1,0,0,1,2,192.0,bmw,two,sedan,rwd,front,101.2,0.849591542527631,0.8999999999999999,0.9080267558528428,2395,ohc,four,108,mpfi,3.5,2.8,8.8,101,5800.0,23,29,16430,10.0,8.0,low
9,1,0,0,1,0,192.0,bmw,four,sedan,rwd,front,101.2,0.849591542527631,0.8999999999999999,0.9080267558528428,2395,ohc,four,108,mpfi,3.5,2.8,8.8,101,5800.0,23,29,16925,10.0,8.0,low
10,1,0,0,1,0,188.0,bmw,two,sedan,rwd,front,101.2,0.849591542527631,0.8999999999999999,0.9080267558528428,2710,ohc,six,164,mpfi,3.31,3.19,9.0,121,4250.0,21,28,20970,11.0,8.0,medium
11,1,0,0,1,0,188.0,bmw,four,sedan,rwd,front,101.2,0.849591542527631,0.8999999999999999,0.9080267558528428,2765,ohc,six,164,mpfi,3.31,3.19,9.0,121,4250.0,21,28,21105,11.0,8.0,medium
12,1,0,0,1,1,122.0,bmw,four,sedan,rwd,front,103.5,0.9082172032676598,0.9291666666666667,0.931438127090301,3055,ohc,six,164,mpfi,3.31,3.19,9.0,121,4250.0,20,25,24565,12.0,9.0,medium
13,1,0,0,1,0,122.0,bmw,four,sedan,rwd,front,103.5,0.9082172032676598,0.9291666666666667,0.931438127090301,3230,ohc,six,209,mpfi,3.62,3.39,8.0,182,5400.0,16,22,30760,15.0,11.0,medium
14,1,0,0,1,0,122.0,bmw,two,sedan,rwd,front,103.5,0.9312830370014417,0.9430555555555556,0.8979933110367894,3380,ohc,six,209,mpfi,3.62,3.39,8.0,182,5400.0,16,22,41315,15.0,11.0,medium
15,1,0,0,1,0,122.0,bmw,four,sedan,rwd,front,110.0,0.9466602594906295,0.9847222222222223,0.9414715719063546,3505,ohc,six,209,mpfi,3.62,3.39,8.0,182,5400.0,15,20,36880,16.0,12.0,medium
16,1,0,0,1,2,121.0,chevrolet,two,hatchback,fwd,front,88.4,0.6780394041326285,0.8374999999999999,0.8896321070234114,1488,l,three,61,2bbl,2.91,3.03,9.5,48,5100.0,47,53,5151,5.0,4.0,
17,1,0,0,1,1,98.0,chevrolet,two,hatchback,fwd,front,94.5,0.7491590581451226,0.8833333333333333,0.8695652173913044,1874,ohc,four,90,2bbl,3.03,3.11,9.6,70,5400.0,38,43,6295,6.0,5.0,low
18,1,0,0,1,0,81.0,chevrolet,four,sedan,fwd,front,94.5,0.7630946660259491,0.8833333333333333,0.8695652173913044,1909,ohc,four,90,2bbl,3.03,3.11,9.6,70,5400.0,38,43,6575,6.0,5.0,low
19,1,0,0,1,1,118.0,dodge,two,hatchback,fwd,front,93.7,0.7558865929841423,0.8861111111111111,0.8494983277591973,1876,ohc,four,90,2bbl,2.97,3.23,9.41,68,5500.0,37,41,5572,6.0,6.0,low
20,1,0,0,1,1,118.0,dodge,two,hatchback,fwd,front,93.7,0.7558865929841423,0.8861111111111111,0.8494983277591973,1876,ohc,four,90,2bbl,2.97,3.23,9.4,68,5500.0,31,38,6377,8.0,6.0,low
21,0,1,0,1,1,118.0,dodge,two,hatchback,fwd,front,93.7,0.7558865929841423,0.8861111111111111,0.8494983277591973,2128,ohc,four,98,mpfi,3.03,3.39,7.6,102,5500.0,24,30,7957,10.0,8.0,low
22,1,0,0,1,1,148.0,dodge,four,hatchback,fwd,front,93.7,0.7558865929841423,0.8861111111111111,0.8461538461538463,1967,ohc,four,90,2bbl,2.97,3.23,9.4,68,5500.0,31,38,6229,8.0,6.0,low
23,1,0,0,1,1,148.0,dodge,four,sedan,fwd,front,93.7,0.7558865929841423,0.8861111111111111,0.8461538461538463,1989,ohc,four,90,2bbl,2.97,3.23,9.4,68,5500.0,31,38,6692,8.0,6.0,low
24,1,0,0,1,1,148.0,dodge,four,sedan,fwd,front,93.7,0.7558865929841423,0.8861111111111111,0.8461538461538463,1989,ohc,four,90,2bbl,2.97,3.23,9.4,68,5500.0,31,38,7609,8.0,6.0,low
25,0,1,0,1,1,148.0,dodge,four,sedan,fwd,front,93.7,0.7558865929841423,0.8861111111111111,0.8461538461538463,2191,ohc,four,98,mpfi,3.03,3.39,7.6,102,5500.0,24,30,8558,10.0,8.0,low
26,1,0,0,1,-1,110.0,dodge,four,wagon,fwd,front,103.3,0.8390197020663143,0.8972222222222221,1.0,2535,ohc,four,122,2bbl,3.34,3.46,8.5,88,5000.0,24,30,8921,10.0,8.0,low
27,0,1,0,1,3,145.0,dodge,two,hatchback,fwd,front,95.9,0.8322921672272945,0.9208333333333333,0.8394648829431439,2811,ohc,four,156,mfi,3.6,3.9,7.0,145,5000.0,19,24,12964,12.0,10.0,medium
28,1,0,0,1,2,137.0,honda,two,hatchback,fwd,front,86.6,0.6948582412301778,0.8875,0.8494983277591973,1713,ohc,four,92,1bbl,2.91,3.41,9.6,58,4800.0,49,54,6479,5.0,4.0,low
29,1,0,0,1,2,137.0,honda,two,hatchback,fwd,front,86.6,0.6948582412301778,0.8875,0.8494983277591973,1819,ohc,four,92,1bbl,2.91,3.41,9.2,76,6000.0,31,38,6855,8.0,6.0,low
30,1,0,0,1,1,101.0,honda,two,hatchback,fwd,front,93.7,0.7208073041806824,0.8888888888888888,0.8795986622073579,1837,ohc,four,79,1bbl,2.91,3.07,10.1,60,5500.0,38,42,5399,6.0,6.0,low
31,1,0,0,1,1,101.0,honda,two,hatchback,fwd,front,93.7,0.7208073041806824,0.8888888888888888,0.8795986622073579,1940,ohc,four,92,1bbl,2.91,3.41,9.2,76,6000.0,30,34,6529,8.0,7.0,low
32,1,0,0,1,1,101.0,honda,two,hatchback,fwd,front,93.7,0.7208073041806824,0.8888888888888888,0.8795986622073579,1956,ohc,four,92,1bbl,2.91,3.41,9.2,76,6000.0,30,34,7129,8.0,7.0,low
33,1,0,0,1,0,110.0,honda,four,sedan,fwd,front,96.5,0.7851994233541567,0.8888888888888888,0.911371237458194,2010,ohc,four,92,1bbl,2.91,3.41,9.2,76,6000.0,30,34,7295,8.0,7.0,low
34,1,0,0,1,0,78.0,honda,four,wagon,fwd,front,96.5,0.754925516578568,0.8875,0.9749163879598662,2024,ohc,four,92,1bbl,2.92,3.41,9.2,76,6000.0,30,34,7295,8.0,7.0,low
35,1,0,0,1,0,106.0,honda,two,hatchback,fwd,front,96.5,0.8049014896684287,0.9055555555555556,0.8913043478260869,2236,ohc,four,110,1bbl,3.15,3.58,9.0,86,5800.0,27,33,7895,9.0,7.0,low
36,1,0,0,1,0,106.0,honda,two,hatchback,fwd,front,96.5,0.8049014896684287,0.9055555555555556,0.8913043478260869,2289,ohc,four,110,1bbl,3.15,3.58,9.0,86,5800.0,27,33,9095,9.0,7.0,low
37,1,0,0,1,0,85.0,honda,four,sedan,fwd,front,96.5,0.8428640076886112,0.9055555555555556,0.9046822742474917,2304,ohc,four,110,1bbl,3.15,3.58,9.0,86,5800.0,27,33,8845,9.0,7.0,low
38,1,0,0,1,0,85.0,honda,four,sedan,fwd,front,96.5,0.8428640076886112,0.8680555555555556,0.9046822742474917,2372,ohc,four,110,1bbl,3.15,3.58,9.0,86,5800.0,27,33,10295,9.0,7.0,low
39,1,0,0,1,0,85.0,honda,four,sedan,fwd,front,96.5,0.8428640076886112,0.9055555555555556,0.9046822742474917,2465,ohc,four,110,mpfi,3.15,3.58,9.0,101,5800.0,24,28,12945,10.0,8.0,low
40,1,0,0,1,1,107.0,honda,two,sedan,fwd,front,96.5,0.8125901009130225,0.9166666666666666,0.8528428093645485,2293,ohc,four,110,2bbl,3.15,3.58,9.1,100,5500.0,25,31,10345,9.0,8.0,low
41,1,0,0,1,0,122.0,isuzu,four,sedan,rwd,front,94.3,0.8202787121576165,0.8583333333333333,0.8946488294314382,2337,ohc,four,111,2bbl,3.31,3.23,8.5,78,4800.0,24,29,6785,10.0,8.0,low
42,1,0,0,1,2,122.0,isuzu,two,hatchback,rwd,front,96.0,0.8294089380105718,0.9055555555555556,0.8595317725752508,2734,ohc,four,119,spfi,3.43,3.23,9.2,90,5000.0,24,29,11048,10.0,8.0,low
43,1,0,0,1,0,145.0,jaguar,four,sedan,rwd,front,113.0,0.9591542527630946,0.9666666666666666,0.882943143812709,4066,dohc,six,258,mpfi,3.63,4.17,8.1,176,4750.0,15,19,32250,16.0,12.0,medium
44,1,0,0,1,0,122.0,jaguar,four,sedan,rwd,front,113.0,0.9591542527630946,0.9666666666666666,0.882943143812709,4066,dohc,six,258,mpfi,3.63,4.17,8.1,176,4750.0,15,19,35550,16.0,12.0,medium
45,1,0,0,1,0,122.0,jaguar,two,sedan,rwd,front,102.0,0.921191734742912,0.9805555555555555,0.7993311036789298,3950,ohcv,twelve,326,mpfi,3.54,2.76,11.5,262,5000.0,13,17,36000,18.0,14.0,high
46,1,0,0,1,1,104.0,mazda,two,hatchback,fwd,front,93.1,0.7645362806343105,0.8916666666666667,0.9046822742474917,1890,ohc,four,91,2bbl,3.03,3.15,9.0,68,5000.0,30,31,5195,8.0,8.0,low
47,1,0,0,1,1,104.0,mazda,two,hatchback,fwd,front,93.1,0.7645362806343105,0.8916666666666667,0.9046822742474917,1900,ohc,four,91,2bbl,3.03,3.15,9.0,68,5000.0,31,38,6095,8.0,6.0,low
48,1,0,0,1,1,104.0,mazda,two,hatchback,fwd,front,93.1,0.7645362806343105,0.8916666666666667,0.9046822742474917,1905,ohc,four,91,2bbl,3.03,3.15,9.0,68,5000.0,31,38,6795,8.0,6.0,low
49,1,0,0,1,1,113.0,mazda,four,sedan,fwd,front,93.1,0.8015377222489188,0.8916666666666667,0.9046822742474917,1945,ohc,four,91,2bbl,3.03,3.15,9.0,68,5000.0,31,38,6695,8.0,6.0,low
50,1,0,0,1,1,113.0,mazda,four,sedan,fwd,front,93.1,0.8015377222489188,0.8916666666666667,0.9046822742474917,1950,ohc,four,91,2bbl,3.08,3.15,9.0,68,5000.0,31,38,7395,8.0,6.0,low
51,1,0,0,1,3,150.0,mazda,two,hatchback,rwd,front,95.3,0.8121095627102355,0.9125000000000001,0.8294314381270904,2380,rotor,two,70,4bbl,3.3300000000000005,3.2598469387755107,9.4,101,6000.0,17,23,10945,14.0,10.0,low
52,1,0,0,1,3,150.0,mazda,two,hatchback,rwd,front,95.3,0.8121095627102355,0.9125000000000001,0.8294314381270904,2380,rotor,two,70,4bbl,3.3300000000000005,3.2598469387755107,9.4,101,6000.0,17,23,11845,14.0,10.0,low
53,1,0,0,1,3,150.0,mazda,two,hatchback,rwd,front,95.3,0.8121095627102355,0.9125000000000001,0.8294314381270904,2385,rotor,two,70,4bbl,3.3300000000000005,3.2598469387755107,9.4,101,6000.0,17,23,13645,14.0,10.0,low
54,1,0,0,1,3,150.0,mazda,two,hatchback,rwd,front,95.3,0.8121095627102355,0.9125000000000001,0.8294314381270904,2500,rotor,two,80,mpfi,3.3300000000000005,3.2598469387755107,9.4,135,6000.0,16,23,15645,15.0,10.0,medium
55,1,0,0,1,1,129.0,mazda,two,hatchback,fwd,front,98.8,0.8543969245555022,0.9236111111111112,0.8979933110367894,2385,ohc,four,122,2bbl,3.39,3.39,8.6,84,4800.0,26,32,8845,9.0,7.0,low
56,1,0,0,1,0,115.0,mazda,four,sedan,fwd,front,98.8,0.8543969245555022,0.9236111111111112,0.9280936454849499,2410,ohc,four,122,2bbl,3.39,3.39,8.6,84,4800.0,26,32,8495,9.0,7.0,low
57,1,0,0,1,1,129.0,mazda,two,hatchback,fwd,front,98.8,0.8543969245555022,0.9236111111111112,0.8979933110367894,2385,ohc,four,122,2bbl,3.39,3.39,8.6,84,4800.0,26,32,10595,9.0,7.0,low
58,1,0,0,1,0,115.0,mazda,four,sedan,fwd,front,98.8,0.8543969245555022,0.9236111111111112,0.9280936454849499,2410,ohc,four,122,2bbl,3.39,3.39,8.6,84,4800.0,26,32,10245,9.0,7.0,low
59,1,0,1,0,0,122.0,mazda,four,sedan,fwd,front,98.8,0.8543969245555022,0.9236111111111112,0.9280936454849499,2443,ohc,four,122,idi,3.39,3.39,22.7,64,4650.0,36,42,10795,7.0,6.0,low
60,1,0,0,1,0,115.0,mazda,four,hatchback,fwd,front,98.8,0.8543969245555022,0.9236111111111112,0.9280936454849499,2425,ohc,four,122,2bbl,3.39,3.39,8.6,84,4800.0,26,32,11245,9.0,7.0,low
61,1,0,0,1,0,118.0,mazda,four,sedan,rwd,front,104.9,0.8409418548774628,0.9180555555555555,0.9096989966555185,2670,ohc,four,140,mpfi,3.76,3.16,8.0,120,5000.0,19,27,18280,12.0,9.0,medium
62,1,0,1,0,0,122.0,mazda,four,sedan,rwd,front,104.9,0.8409418548774628,0.9180555555555555,0.9096989966555185,2700,ohc,four,134,idi,3.43,3.64,22.0,72,4200.0,31,39,18344,8.0,6.0,low
63,0,1,1,0,-1,93.0,mercedes-benz,four,sedan,rwd,front,110.0,0.9173474291206152,0.9763888888888889,0.9448160535117057,3515,ohc,five,183,idi,3.58,3.64,21.5,123,4350.0,22,25,25552,11.0,9.0,medium
64,0,1,1,0,-1,93.0,mercedes-benz,four,wagon,rwd,front,110.0,0.9173474291206152,0.9763888888888889,0.9816053511705687,3750,ohc,five,183,idi,3.58,3.64,21.5,123,4350.0,22,25,28248,11.0,9.0,medium
65,0,1,1,0,0,93.0,mercedes-benz,two,hardtop,rwd,front,106.7,0.9010091302258529,0.9763888888888889,0.9180602006688964,3495,ohc,five,183,idi,3.58,3.64,21.5,123,4350.0,22,25,28176,11.0,9.0,medium
66,0,1,1,0,-1,93.0,mercedes-benz,four,sedan,rwd,front,115.6,0.9735703988467083,0.9958333333333333,0.9414715719063546,3770,ohc,five,183,idi,3.58,3.64,21.5,123,4350.0,22,25,31600,11.0,9.0,medium
67,1,0,0,1,-1,122.0,mercedes-benz,four,sedan,rwd,front,115.6,0.9735703988467083,0.9958333333333333,0.9448160535117057,3740,ohcv,eight,234,mpfi,3.46,3.1,8.3,155,4750.0,16,18,34184,15.0,13.0,medium
68,1,0,0,1,3,142.0,mercedes-benz,two,convertible,rwd,front,96.6,0.8664103796251803,0.9791666666666666,0.8494983277591973,3685,ohcv,eight,234,mpfi,3.46,3.1,8.3,155,4750.0,16,18,35056,15.0,13.0,medium
69,1,0,0,1,0,122.0,mercedes-benz,four,sedan,rwd,front,120.9,1.0,0.9958333333333333,0.948160535117057,3900,ohcv,eight,308,mpfi,3.8,3.35,8.0,184,4500.0,14,16,40960,17.0,15.0,medium
70,1,0,0,1,1,122.0,mercedes-benz,two,hardtop,rwd,front,112.0,0.9572320999519461,1.0,0.9264214046822743,3715,ohcv,eight,304,mpfi,3.8,3.35,8.0,184,4500.0,14,16,45400,17.0,15.0,medium
71,0,1,0,1,1,122.0,mercury,two,hatchback,rwd,front,102.7,0.857280153772225,0.9444444444444444,0.9163879598662207,2910,ohc,four,140,mpfi,3.78,3.12,8.0,175,5000.0,19,24,16503,12.0,10.0,medium
72,1,0,0,1,2,161.0,mitsubishi,two,hatchback,fwd,front,93.7,0.7558865929841423,0.8944444444444445,0.8494983277591973,1918,ohc,four,92,2bbl,2.97,3.23,9.4,68,5500.0,37,41,5389,6.0,6.0,low
73,1,0,0,1,2,161.0,mitsubishi,two,hatchback,fwd,front,93.7,0.7558865929841423,0.8944444444444445,0.8494983277591973,1944,ohc,four,92,2bbl,2.97,3.23,9.4,68,5500.0,31,38,6189,8.0,6.0,low
74,1,0,0,1,2,161.0,mitsubishi,two,hatchback,fwd,front,93.7,0.7558865929841423,0.8944444444444445,0.8494983277591973,2004,ohc,four,92,2bbl,2.97,3.23,9.4,68,5500.0,31,38,6669,8.0,6.0,low
75,0,1,0,1,1,161.0,mitsubishi,two,hatchback,fwd,front,93.0,0.7558865929841423,0.8861111111111111,0.8494983277591973,2145,ohc,four,98,spdi,3.03,3.39,7.6,102,5500.0,24,30,7689,10.0,8.0,low
76,0,1,0,1,3,153.0,mitsubishi,two,hatchback,fwd,front,96.3,0.8313310908217203,0.9083333333333334,0.8260869565217391,2370,ohc,four,110,spdi,3.17,3.46,7.5,116,5500.0,23,30,9959,10.0,8.0,low
77,1,0,0,1,3,153.0,mitsubishi,two,hatchback,fwd,front,96.3,0.8313310908217203,0.9083333333333334,0.8260869565217391,2328,ohc,four,122,2bbl,3.35,3.46,8.5,88,5000.0,25,32,8499,9.0,7.0,low
78,0,1,0,1,3,122.0,mitsubishi,two,hatchback,fwd,front,95.9,0.8322921672272945,0.9208333333333333,0.8394648829431439,2833,ohc,four,156,spdi,3.58,3.86,7.0,145,5000.0,19,24,12629,12.0,10.0,medium
79,0,1,0,1,3,122.0,mitsubishi,two,hatchback,fwd,front,95.9,0.8322921672272945,0.9208333333333333,0.8394648829431439,2921,ohc,four,156,spdi,3.59,3.86,7.0,145,5000.0,19,24,14869,12.0,10.0,medium
80,0,1,0,1,3,122.0,mitsubishi,two,hatchback,fwd,front,95.9,0.8322921672272945,0.9208333333333333,0.8394648829431439,2926,ohc,four,156,spdi,3.59,3.86,7.0,145,5000.0,19,24,14489,12.0,10.0,medium
81,1,0,0,1,1,125.0,mitsubishi,four,sedan,fwd,front,96.3,0.8284478616049976,0.9083333333333334,0.8628762541806021,2365,ohc,four,122,2bbl,3.35,3.46,8.5,88,5000.0,25,32,6989,9.0,7.0,low
82,1,0,0,1,1,125.0,mitsubishi,four,sedan,fwd,front,96.3,0.8284478616049976,0.9083333333333334,0.8628762541806021,2405,ohc,four,122,2bbl,3.35,3.46,8.5,88,5000.0,25,32,8189,9.0,7.0,low
83,0,1,0,1,1,125.0,mitsubishi,four,sedan,fwd,front,96.3,0.8284478616049976,0.9083333333333334,0.8628762541806021,2403,ohc,four,110,spdi,3.17,3.46,7.5,116,5500.0,23,30,9279,10.0,8.0,low
84,1,0,0,1,-1,137.0,mitsubishi,four,sedan,fwd,front,96.3,0.8284478616049976,0.9083333333333334,0.8628762541806021,2403,ohc,four,110,spdi,3.17,3.46,7.5,116,5500.0,23,30,9279,10.0,8.0,low
85,1,0,0,1,1,128.0,nissan,two,sedan,fwd,front,94.5,0.794329649207112,0.8861111111111111,0.911371237458194,1889,ohc,four,97,2bbl,3.15,3.29,9.4,69,5200.0,31,37,5499,8.0,6.0,low
86,1,0,1,0,1,128.0,nissan,two,sedan,fwd,front,94.5,0.794329649207112,0.8861111111111111,0.911371237458194,2017,ohc,four,103,idi,2.99,3.47,21.9,55,4800.0,45,50,7099,5.0,5.0,low
87,1,0,0,1,1,128.0,nissan,two,sedan,fwd,front,94.5,0.794329649207112,0.8861111111111111,0.911371237458194,1918,ohc,four,97,2bbl,3.15,3.29,9.4,69,5200.0,31,37,6649,8.0,6.0,low
88,1,0,0,1,1,122.0,nissan,four,sedan,fwd,front,94.5,0.794329649207112,0.8861111111111111,0.911371237458194,1938,ohc,four,97,2bbl,3.15,3.29,9.4,69,5200.0,31,37,6849,8.0,6.0,low
89,1,0,0,1,1,103.0,nissan,four,wagon,fwd,front,94.5,0.8178760211436809,0.8861111111111111,0.8946488294314382,2024,ohc,four,97,2bbl,3.15,3.29,9.4,69,5200.0,31,37,7349,8.0,6.0,low
90,1,0,0,1,1,128.0,nissan,two,sedan,fwd,front,94.5,0.794329649207112,0.8861111111111111,0.911371237458194,1951,ohc,four,97,2bbl,3.15,3.29,9.4,69,5200.0,31,37,7299,8.0,6.0,low
91,1,0,0,1,1,128.0,nissan,two,hatchback,fwd,front,94.5,0.7957712638154734,0.8861111111111111,0.8913043478260869,2028,ohc,four,97,2bbl,3.15,3.29,9.4,69,5200.0,31,37,7799,8.0,6.0,low
92,1,0,0,1,1,122.0,nissan,four,sedan,fwd,front,94.5,0.794329649207112,0.8861111111111111,0.911371237458194,1971,ohc,four,97,2bbl,3.15,3.29,9.4,69,5200.0,31,37,7499,8.0,6.0,low
93,1,0,0,1,1,103.0,nissan,four,wagon,fwd,front,94.5,0.8178760211436809,0.8861111111111111,0.8946488294314382,2037,ohc,four,97,2bbl,3.15,3.29,9.4,69,5200.0,31,37,7999,8.0,6.0,low
94,1,0,0,1,2,168.0,nissan,two,hardtop,fwd,front,95.1,0.7803940413262855,0.8861111111111111,0.8913043478260869,2008,ohc,four,97,2bbl,3.15,3.29,9.4,69,5200.0,31,37,8249,8.0,6.0,low
95,1,0,0,1,0,106.0,nissan,four,hatchback,fwd,front,97.2,0.8332532436328689,0.9055555555555556,0.9147157190635452,2324,ohc,four,120,2bbl,3.33,3.47,8.5,97,5200.0,27,34,8949,9.0,7.0,low
96,1,0,0,1,0,106.0,nissan,four,sedan,fwd,front,97.2,0.8332532436328689,0.9055555555555556,0.9147157190635452,2302,ohc,four,120,2bbl,3.33,3.47,8.5,97,5200.0,27,34,9549,9.0,7.0,low
97,1,0,0,1,0,128.0,nissan,four,sedan,fwd,front,100.4,0.8731379144641999,0.9236111111111112,0.9214046822742475,3095,ohcv,six,181,mpfi,3.43,3.27,9.0,152,5200.0,17,22,13499,14.0,11.0,medium
98,1,0,0,1,0,108.0,nissan,four,wagon,fwd,front,100.4,0.8870735223450265,0.9236111111111112,0.9381270903010034,3296,ohcv,six,181,mpfi,3.43,3.27,9.0,152,5200.0,17,22,14399,14.0,11.0,medium
99,1,0,0,1,0,108.0,nissan,four,sedan,fwd,front,100.4,0.8870735223450265,0.9236111111111112,0.9214046822742475,3060,ohcv,six,181,mpfi,3.43,3.27,9.0,152,5200.0,19,25,13499,12.0,9.0,medium
100,1,0,0,1,3,194.0,nissan,two,hatchback,rwd,front,91.3,0.8202787121576165,0.9430555555555556,0.831103678929766,3071,ohcv,six,181,mpfi,3.43,3.27,9.0,160,5200.0,19,25,17199,12.0,9.0,medium
101,0,1,0,1,3,194.0,nissan,two,hatchback,rwd,front,91.3,0.8202787121576165,0.9430555555555556,0.831103678929766,3139,ohcv,six,181,mpfi,3.43,3.27,7.8,200,5200.0,17,23,19699,14.0,10.0,high
102,1,0,0,1,1,231.0,nissan,two,hatchback,rwd,front,99.2,0.857760691975012,0.9430555555555556,0.831103678929766,3139,ohcv,six,181,mpfi,3.43,3.27,9.0,160,5200.0,19,25,18399,12.0,9.0,medium
103,1,0,0,1,0,161.0,peugot,four,sedan,rwd,front,107.9,0.897164824603556,0.9500000000000001,0.948160535117057,3020,l,four,120,mpfi,3.46,3.19,8.4,97,5000.0,19,24,11900,12.0,10.0,low
104,0,1,1,0,0,161.0,peugot,four,sedan,rwd,front,107.9,0.897164824603556,0.9500000000000001,0.948160535117057,3197,l,four,152,idi,3.7,3.52,21.0,95,4150.0,28,33,13200,8.0,7.0,low
105,1,0,0,1,0,122.0,peugot,four,wagon,rwd,front,114.2,0.9557904853435849,0.9500000000000001,0.9816053511705687,3230,l,four,120,mpfi,3.46,3.19,8.4,97,5000.0,19,24,12440,12.0,10.0,low
106,0,1,1,0,0,122.0,peugot,four,wagon,rwd,front,114.2,0.9557904853435849,0.9500000000000001,0.9816053511705687,3430,l,four,152,idi,3.7,3.52,21.0,95,4150.0,25,25,13860,9.0,9.0,low
107,1,0,0,1,0,161.0,peugot,four,sedan,rwd,front,107.9,0.897164824603556,0.9500000000000001,0.948160535117057,3075,l,four,120,mpfi,3.46,2.19,8.4,95,5000.0,19,24,15580,12.0,10.0,low
108,0,1,1,0,0,161.0,peugot,four,sedan,rwd,front,107.9,0.897164824603556,0.9500000000000001,0.948160535117057,3252,l,four,152,idi,3.7,3.52,21.0,95,4150.0,28,33,16900,8.0,7.0,low
109,1,0,0,1,0,122.0,peugot,four,wagon,rwd,front,114.2,0.9557904853435849,0.9500000000000001,0.948160535117057,3285,l,four,120,mpfi,3.46,2.19,8.4,95,5000.0,19,24,16695,12.0,10.0,low
110,0,1,1,0,0,122.0,peugot,four,wagon,rwd,front,114.2,0.9557904853435849,0.9500000000000001,0.9816053511705687,3485,l,four,152,idi,3.7,3.52,21.0,95,4150.0,25,25,17075,9.0,9.0,low
111,1,0,0,1,0,161.0,peugot,four,sedan,rwd,front,107.9,0.897164824603556,0.9500000000000001,0.948160535117057,3075,l,four,120,mpfi,3.46,3.19,8.4,97,5000.0,19,24,16630,12.0,10.0,low
112,0,1,1,0,0,161.0,peugot,four,sedan,rwd,front,107.9,0.897164824603556,0.9500000000000001,0.948160535117057,3252,l,four,152,idi,3.7,3.52,21.0,95,4150.0,28,33,17950,8.0,7.0,low
113,0,1,0,1,0,161.0,peugot,four,sedan,rwd,front,108.0,0.897164824603556,0.9486111111111111,0.9364548494983278,3130,l,four,134,mpfi,3.61,3.21,7.0,142,5600.0,18,24,18150,13.0,10.0,medium
114,1,0,0,1,1,119.0,plymouth,two,hatchback,fwd,front,93.7,0.7558865929841423,0.8861111111111111,0.8494983277591973,1918,ohc,four,90,2bbl,2.97,3.23,9.4,68,5500.0,37,41,5572,6.0,6.0,low
115,0,1,0,1,1,119.0,plymouth,two,hatchback,fwd,front,93.7,0.7558865929841423,0.8861111111111111,0.8494983277591973,2128,ohc,four,98,spdi,3.03,3.39,7.6,102,5500.0,24,30,7957,10.0,8.0,low
116,1,0,0,1,1,154.0,plymouth,four,hatchback,fwd,front,93.7,0.7558865929841423,0.8861111111111111,0.8461538461538463,1967,ohc,four,90,2bbl,2.97,3.23,9.4,68,5500.0,31,38,6229,8.0,6.0,low
117,1,0,0,1,1,154.0,plymouth,four,sedan,fwd,front,93.7,0.8039404132628545,0.8861111111111111,0.8494983277591973,1989,ohc,four,90,2bbl,2.97,3.23,9.4,68,5500.0,31,38,6692,8.0,6.0,low
118,1,0,0,1,1,154.0,plymouth,four,sedan,fwd,front,93.7,0.8039404132628545,0.8861111111111111,0.8494983277591973,2191,ohc,four,98,2bbl,2.97,3.23,9.4,68,5500.0,31,38,7609,8.0,6.0,low
119,1,0,0,1,-1,74.0,plymouth,four,wagon,fwd,front,103.3,0.8390197020663143,0.8972222222222221,1.0,2535,ohc,four,122,2bbl,3.35,3.46,8.5,88,5000.0,24,30,8921,10.0,8.0,low
120,0,1,0,1,3,122.0,plymouth,two,hatchback,rwd,front,95.9,0.8322921672272945,0.9208333333333333,0.8394648829431439,2818,ohc,four,156,spdi,3.59,3.86,7.0,145,5000.0,19,24,12764,12.0,10.0,medium
121,1,0,0,1,3,186.0,porsche,two,hatchback,rwd,front,94.5,0.8116290245074483,0.9486111111111111,0.8394648829431439,2778,ohc,four,151,mpfi,3.94,3.11,9.5,143,5500.0,19,27,22018,12.0,9.0,medium
122,1,0,0,1,3,122.0,porsche,two,hardtop,rwd,rear,89.5,0.8116290245074483,0.9027777777777778,0.8628762541806021,2756,ohcf,six,194,mpfi,3.74,2.9,9.5,207,5900.0,17,25,32528,14.0,9.0,high
123,1,0,0,1,3,122.0,porsche,two,hardtop,rwd,rear,89.5,0.8116290245074483,0.9027777777777778,0.8628762541806021,2756,ohcf,six,194,mpfi,3.74,2.9,9.5,207,5900.0,17,25,34028,14.0,9.0,high
124,1,0,0,1,3,122.0,porsche,two,convertible,rwd,rear,89.5,0.8116290245074483,0.9027777777777778,0.8628762541806021,2800,ohcf,six,194,mpfi,3.74,2.9,9.5,207,5900.0,17,25,37028,14.0,9.0,high
125,1,0,0,1,0,122.0,renault,four,wagon,fwd,front,96.1,0.8721768380586257,0.9236111111111112,0.9230769230769231,2579,ohc,four,132,mpfi,3.46,3.9,8.7,103,5118.181818181818,23,31,9295,10.0,8.0,low
126,1,0,0,1,2,122.0,renault,two,hatchback,fwd,front,96.1,0.849591542527631,0.9249999999999999,0.8444816053511706,2460,ohc,four,132,mpfi,3.46,3.9,8.7,103,5118.181818181818,23,31,9895,10.0,8.0,low
127,1,0,0,1,3,150.0,saab,two,hatchback,fwd,front,99.1,0.8966842864007688,0.9236111111111112,0.9381270903010034,2658,ohc,four,121,mpfi,3.54,3.07,9.31,110,5250.0,21,28,11850,11.0,8.0,low
128,1,0,0,1,2,104.0,saab,four,sedan,fwd,front,99.1,0.8966842864007688,0.9236111111111112,0.9381270903010034,2695,ohc,four,121,mpfi,3.54,3.07,9.3,110,5250.0,21,28,12170,11.0,8.0,low
129,1,0,0,1,3,150.0,saab,two,hatchback,fwd,front,99.1,0.8966842864007688,0.9236111111111112,0.9381270903010034,2707,ohc,four,121,mpfi,2.54,2.07,9.3,110,5250.0,21,28,15040,11.0,8.0,low
130,1,0,0,1,2,104.0,saab,four,sedan,fwd,front,99.1,0.8966842864007688,0.9236111111111112,0.9381270903010034,2758,ohc,four,121,mpfi,3.54,3.07,9.3,110,5250.0,21,28,15510,11.0,8.0,low
131,0,1,0,1,3,150.0,saab,two,hatchback,fwd,front,99.1,0.8966842864007688,0.9236111111111112,0.9381270903010034,2808,dohc,four,121,mpfi,3.54,3.07,9.0,160,5500.0,19,26,18150,12.0,9.0,medium
132,0,1,0,1,2,104.0,saab,four,sedan,fwd,front,99.1,0.8966842864007688,0.9236111111111112,0.9381270903010034,2847,dohc,four,121,mpfi,3.54,3.07,9.0,160,5500.0,19,26,18620,12.0,9.0,medium
133,1,0,0,1,2,83.0,subaru,two,hatchback,fwd,front,93.7,0.7539644401729938,0.8805555555555555,0.8979933110367894,2050,ohcf,four,97,2bbl,3.62,2.36,9.0,69,4900.0,31,36,5118,8.0,7.0,low
134,1,0,0,1,2,83.0,subaru,two,hatchback,fwd,front,93.7,0.758769822200865,0.8833333333333333,0.8979933110367894,2120,ohcf,four,108,2bbl,3.62,2.64,8.7,73,4400.0,26,31,7053,9.0,8.0,low
135,1,0,0,1,2,83.0,subaru,two,hatchback,4wd,front,93.3,0.7558865929841423,0.8861111111111111,0.931438127090301,2240,ohcf,four,108,2bbl,3.62,2.64,8.7,73,4400.0,26,31,7603,9.0,8.0,low
136,1,0,0,1,0,102.0,subaru,four,sedan,fwd,front,97.2,0.8265257087938491,0.9083333333333334,0.8779264214046824,2145,ohcf,four,108,2bbl,3.62,2.64,9.5,82,4800.0,32,37,7126,7.0,6.0,low
137,1,0,0,1,0,102.0,subaru,four,sedan,fwd,front,97.2,0.8265257087938491,0.9083333333333334,0.8779264214046824,2190,ohcf,four,108,2bbl,3.62,2.64,9.5,82,4400.0,28,33,7775,8.0,7.0,low
138,1,0,0,1,0,102.0,subaru,four,sedan,fwd,front,97.2,0.8265257087938491,0.9083333333333334,0.8779264214046824,2340,ohcf,four,108,mpfi,3.62,2.64,9.0,94,5200.0,26,32,9960,9.0,7.0,low
139,1,0,0,1,0,102.0,subaru,four,sedan,4wd,front,97.0,0.8265257087938491,0.9083333333333334,0.9080267558528428,2385,ohcf,four,108,2bbl,3.62,2.64,9.0,82,4800.0,24,25,9233,10.0,9.0,low
140,0,1,0,1,0,102.0,subaru,four,sedan,4wd,front,97.0,0.8265257087938491,0.9083333333333334,0.9080267558528428,2510,ohcf,four,108,mpfi,3.62,2.64,7.7,111,4800.0,24,29,11259,10.0,8.0,low
141,1,0,0,1,0,89.0,subaru,four,wagon,fwd,front,97.0,0.8337337818356559,0.9083333333333334,0.8862876254180603,2290,ohcf,four,108,2bbl,3.62,2.64,9.0,82,4800.0,28,32,7463,8.0,7.0,low
142,1,0,0,1,0,89.0,subaru,four,wagon,fwd,front,97.0,0.8337337818356559,0.9083333333333334,0.8862876254180603,2455,ohcf,four,108,mpfi,3.62,2.64,9.0,94,5200.0,25,31,10198,9.0,8.0,low
143,1,0,0,1,0,85.0,subaru,four,wagon,4wd,front,96.9,0.8342143200384431,0.9083333333333334,0.9180602006688964,2420,ohcf,four,108,2bbl,3.62,2.64,9.0,82,4800.0,23,29,8013,10.0,8.0,low
144,0,1,0,1,0,85.0,subaru,four,wagon,4wd,front,96.9,0.8342143200384431,0.9083333333333334,0.9180602006688964,2650,ohcf,four,108,mpfi,3.62,2.64,7.7,111,4800.0,23,23,11694,10.0,10.0,low
145,1,0,0,1,1,87.0,toyota,two,hatchback,fwd,front,95.7,0.762614127823162,0.8833333333333333,0.911371237458194,1985,ohc,four,92,2bbl,3.05,3.03,9.0,62,4800.0,35,39,5348,7.0,6.0,low
146,1,0,0,1,1,87.0,toyota,two,hatchback,fwd,front,95.7,0.762614127823162,0.8833333333333333,0.911371237458194,2040,ohc,four,92,2bbl,3.05,3.03,9.0,62,4800.0,31,38,6338,8.0,6.0,low
147,1,0,0,1,1,74.0,toyota,four,hatchback,fwd,front,95.7,0.762614127823162,0.8833333333333333,0.911371237458194,2015,ohc,four,92,2bbl,3.05,3.03,9.0,62,4800.0,31,38,6488,8.0,6.0,low
148,1,0,0,1,0,77.0,toyota,four,wagon,fwd,front,95.7,0.8154733301297453,0.8833333333333333,0.988294314381271,2280,ohc,four,92,2bbl,3.05,3.03,9.0,62,4800.0,31,37,6918,8.0,6.0,low
149,1,0,0,1,0,81.0,toyota,four,wagon,4wd,front,95.7,0.8154733301297453,0.8833333333333333,0.988294314381271,2290,ohc,four,92,2bbl,3.05,3.03,9.0,62,4800.0,27,32,7898,9.0,7.0,low
150,1,0,0,1,0,91.0,toyota,four,wagon,4wd,front,95.7,0.8154733301297453,0.8833333333333333,0.988294314381271,3110,ohc,four,92,2bbl,3.05,3.03,9.0,62,4800.0,27,32,8778,9.0,7.0,low
151,1,0,0,1,0,91.0,toyota,four,sedan,fwd,front,95.7,0.7991350312349833,0.8944444444444445,0.8862876254180603,2081,ohc,four,98,2bbl,3.19,3.03,9.0,70,4800.0,30,37,6938,8.0,6.0,low
152,1,0,0,1,0,91.0,toyota,four,hatchback,fwd,front,95.7,0.7991350312349833,0.8944444444444445,0.882943143812709,2109,ohc,four,98,2bbl,3.19,3.03,9.0,70,4800.0,30,37,7198,8.0,6.0,low
153,1,0,1,0,0,91.0,toyota,four,sedan,fwd,front,95.7,0.7991350312349833,0.8944444444444445,0.8862876254180603,2275,ohc,four,110,idi,3.27,3.35,22.5,56,4500.0,34,36,7898,7.0,7.0,low
154,1,0,1,0,0,91.0,toyota,four,hatchback,fwd,front,95.7,0.7991350312349833,0.8944444444444445,0.882943143812709,2275,ohc,four,110,idi,3.27,3.35,22.5,56,4500.0,38,47,7788,6.0,5.0,low
155,1,0,0,1,0,91.0,toyota,four,sedan,fwd,front,95.7,0.7991350312349833,0.8944444444444445,0.8862876254180603,2094,ohc,four,98,2bbl,3.19,3.03,9.0,70,4800.0,38,47,7738,6.0,5.0,low
156,1,0,0,1,0,91.0,toyota,four,hatchback,fwd,front,95.7,0.7991350312349833,0.8944444444444445,0.882943143812709,2122,ohc,four,98,2bbl,3.19,3.03,9.0,70,4800.0,28,34,8358,8.0,7.0,low
157,1,0,0,1,0,91.0,toyota,four,sedan,fwd,front,95.7,0.7991350312349833,0.8944444444444445,0.882943143812709,2140,ohc,four,98,2bbl,3.19,3.03,9.0,70,4800.0,28,34,9258,8.0,7.0,low
158,1,0,0,1,1,168.0,toyota,two,sedan,rwd,front,94.5,0.810667948101874,0.8888888888888888,0.8795986622073579,2169,ohc,four,98,2bbl,3.19,3.03,9.0,70,4800.0,29,34,8058,8.0,7.0,low
159,1,0,0,1,1,168.0,toyota,two,hatchback,rwd,front,94.5,0.810667948101874,0.8888888888888888,0.8795986622073579,2204,ohc,four,98,2bbl,3.19,3.03,9.0,70,4800.0,29,34,8238,8.0,7.0,low
160,1,0,0,1,1,168.0,toyota,two,sedan,rwd,front,94.5,0.810667948101874,0.8888888888888888,0.8795986622073579,2265,dohc,four,98,mpfi,3.24,3.08,9.4,112,6600.0,26,29,9298,9.0,8.0,low
161,1,0,0,1,1,168.0,toyota,two,hatchback,rwd,front,94.5,0.810667948101874,0.8888888888888888,0.8795986622073579,2300,dohc,four,98,mpfi,3.24,3.08,9.4,112,6600.0,26,29,9538,9.0,8.0,low
162,1,0,0,1,2,134.0,toyota,two,hardtop,rwd,front,98.4,0.8467083133109082,0.911111111111111,0.8695652173913044,2540,ohc,four,146,mpfi,3.62,3.5,9.3,116,4800.0,24,30,8449,10.0,8.0,low
163,1,0,0,1,2,134.0,toyota,two,hardtop,rwd,front,98.4,0.8467083133109082,0.911111111111111,0.8695652173913044,2536,ohc,four,146,mpfi,3.62,3.5,9.3,116,4800.0,24,30,9639,10.0,8.0,low
164,1,0,0,1,2,134.0,toyota,two,hatchback,rwd,front,98.4,0.8467083133109082,0.911111111111111,0.8695652173913044,2551,ohc,four,146,mpfi,3.62,3.5,9.3,116,4800.0,24,30,9989,10.0,8.0,low
165,1,0,0,1,2,134.0,toyota,two,hardtop,rwd,front,98.4,0.8467083133109082,0.911111111111111,0.8695652173913044,2679,ohc,four,146,mpfi,3.62,3.5,9.3,116,4800.0,24,30,11199,10.0,8.0,low
166,1,0,0,1,2,134.0,toyota,two,hatchback,rwd,front,98.4,0.8467083133109082,0.911111111111111,0.8695652173913044,2714,ohc,four,146,mpfi,3.62,3.5,9.3,116,4800.0,24,30,11549,10.0,8.0,low
167,1,0,0,1,2,134.0,toyota,two,convertible,rwd,front,98.4,0.8467083133109082,0.911111111111111,0.8862876254180603,2975,ohc,four,146,mpfi,3.62,3.5,9.3,116,4800.0,24,30,17669,10.0,8.0,low
168,1,0,0,1,-1,65.0,toyota,four,sedan,fwd,front,102.4,0.8438250840941854,0.9236111111111112,0.9180602006688964,2326,ohc,four,122,mpfi,3.31,3.54,8.7,92,4200.0,29,34,8948,8.0,7.0,low
169,0,1,1,0,-1,65.0,toyota,four,sedan,fwd,front,102.4,0.8438250840941854,0.9236111111111112,0.9180602006688964,2480,ohc,four,110,idi,3.27,3.35,22.5,73,4500.0,30,33,10698,8.0,7.0,low
170,1,0,0,1,-1,65.0,toyota,four,hatchback,fwd,front,102.4,0.8438250840941854,0.9236111111111112,0.9013377926421405,2414,ohc,four,122,mpfi,3.31,3.54,8.7,92,4200.0,27,32,9988,9.0,7.0,low
171,1,0,0,1,-1,65.0,toyota,four,sedan,fwd,front,102.4,0.8438250840941854,0.9236111111111112,0.9180602006688964,2414,ohc,four,122,mpfi,3.31,3.54,8.7,92,4200.0,27,32,10898,9.0,7.0,low
172,1,0,0,1,-1,65.0,toyota,four,hatchback,fwd,front,102.4,0.8438250840941854,0.9236111111111112,0.9013377926421405,2458,ohc,four,122,mpfi,3.31,3.54,8.7,92,4200.0,27,32,11248,9.0,7.0,low
173,1,0,0,1,3,197.0,toyota,two,hatchback,rwd,front,102.9,0.8817876021143681,0.9402777777777778,0.8695652173913044,2976,dohc,six,171,mpfi,3.27,3.35,9.3,161,5200.0,20,24,16558,12.0,10.0,medium
174,1,0,0,1,3,197.0,toyota,two,hatchback,rwd,front,102.9,0.8817876021143681,0.9402777777777778,0.8695652173913044,3016,dohc,six,171,mpfi,3.27,3.35,9.3,161,5200.0,19,24,15998,12.0,10.0,medium
175,1,0,0,1,-1,90.0,toyota,four,sedan,rwd,front,104.5,0.9024507448342144,0.9236111111111112,0.9046822742474917,3131,dohc,six,171,mpfi,3.27,3.35,9.2,156,5200.0,20,24,15690,12.0,10.0,medium
176,1,0,0,1,-1,122.0,toyota,four,wagon,rwd,front,104.5,0.9024507448342144,0.9236111111111112,0.9046822742474917,3151,dohc,six,161,mpfi,3.27,3.35,9.2,156,5200.0,19,24,15750,12.0,10.0,medium
177,1,0,1,0,2,122.0,volkswagen,two,sedan,fwd,front,97.3,0.8250840941854877,0.9097222222222222,0.931438127090301,2261,ohc,four,97,idi,3.01,3.4,23.0,52,4800.0,37,46,7775,6.0,5.0,low
178,1,0,0,1,2,122.0,volkswagen,two,sedan,fwd,front,97.3,0.8250840941854877,0.9097222222222222,0.931438127090301,2209,ohc,four,109,mpfi,3.19,3.4,9.0,85,5250.0,27,34,7975,9.0,7.0,low
179,1,0,1,0,2,94.0,volkswagen,four,sedan,fwd,front,97.3,0.8250840941854877,0.9097222222222222,0.931438127090301,2264,ohc,four,97,idi,3.01,3.4,23.0,52,4800.0,37,46,7995,6.0,5.0,low
180,1,0,0,1,2,94.0,volkswagen,four,sedan,fwd,front,97.3,0.8250840941854877,0.9097222222222222,0.931438127090301,2212,ohc,four,109,mpfi,3.19,3.4,9.0,85,5250.0,27,34,8195,9.0,7.0,low
181,1,0,0,1,2,94.0,volkswagen,four,sedan,fwd,front,97.3,0.8250840941854877,0.9097222222222222,0.931438127090301,2275,ohc,four,109,mpfi,3.19,3.4,9.0,85,5250.0,27,34,8495,9.0,7.0,low
182,0,1,1,0,2,94.0,volkswagen,four,sedan,fwd,front,97.3,0.8250840941854877,0.9097222222222222,0.931438127090301,2319,ohc,four,97,idi,3.01,3.4,23.0,68,4500.0,37,42,9495,6.0,6.0,low
183,1,0,0,1,2,94.0,volkswagen,four,sedan,fwd,front,97.3,0.8250840941854877,0.9097222222222222,0.931438127090301,2300,ohc,four,109,mpfi,3.19,3.4,10.0,100,5500.0,26,32,9995,9.0,7.0,low
184,1,0,0,1,3,122.0,volkswagen,two,convertible,fwd,front,94.5,0.7654973570398848,0.8916666666666667,0.9297658862876255,2254,ohc,four,109,mpfi,3.19,3.4,8.5,90,5500.0,24,29,11595,10.0,8.0,low
185,1,0,0,1,3,256.0,volkswagen,two,hatchback,fwd,front,94.5,0.7962518020182604,0.8888888888888888,0.8595317725752508,2221,ohc,four,109,mpfi,3.19,3.4,8.5,90,5500.0,24,29,9980,10.0,8.0,low
186,1,0,0,1,0,122.0,volkswagen,four,sedan,fwd,front,100.4,0.865929841422393,0.9291666666666667,0.9214046822742475,2661,ohc,five,136,mpfi,3.19,3.4,8.5,110,5500.0,19,24,13295,12.0,10.0,low
187,0,1,1,0,0,122.0,volkswagen,four,sedan,fwd,front,100.4,0.865929841422393,0.9291666666666667,0.9214046822742475,2579,ohc,four,97,idi,3.01,3.4,23.0,68,4500.0,33,38,13845,7.0,6.0,low
188,1,0,0,1,0,122.0,volkswagen,four,wagon,fwd,front,100.4,0.8798654493032196,0.9291666666666667,0.9214046822742475,2563,ohc,four,109,mpfi,3.19,3.4,9.0,88,5500.0,25,31,12290,9.0,8.0,low
189,1,0,0,1,-2,103.0,volvo,four,sedan,rwd,front,104.3,0.9072561268620856,0.9333333333333333,0.939799331103679,2912,ohc,four,141,mpfi,3.78,3.15,9.5,114,5400.0,23,28,12940,10.0,8.0,low
190,1,0,0,1,-1,74.0,volvo,four,wagon,rwd,front,104.3,0.9072561268620856,0.9333333333333333,0.9615384615384616,3034,ohc,four,141,mpfi,3.78,3.15,9.5,114,5400.0,23,28,13415,10.0,8.0,low
191,1,0,0,1,-2,103.0,volvo,four,sedan,rwd,front,104.3,0.9072561268620856,0.9333333333333333,0.939799331103679,2935,ohc,four,141,mpfi,3.78,3.15,9.5,114,5400.0,24,28,15985,10.0,8.0,low
192,1,0,0,1,-1,74.0,volvo,four,wagon,rwd,front,104.3,0.9072561268620856,0.9333333333333333,0.9615384615384616,3042,ohc,four,141,mpfi,3.78,3.15,9.5,114,5400.0,24,28,16515,10.0,8.0,low
193,0,1,0,1,-2,103.0,volvo,four,sedan,rwd,front,104.3,0.9072561268620856,0.9333333333333333,0.939799331103679,3045,ohc,four,130,mpfi,3.62,3.15,7.5,162,5100.0,17,22,18420,14.0,11.0,medium
194,0,1,0,1,-1,74.0,volvo,four,wagon,rwd,front,104.3,0.9072561268620856,0.9333333333333333,0.9615384615384616,3157,ohc,four,130,mpfi,3.62,3.15,7.5,162,5100.0,17,22,18950,14.0,11.0,medium
195,1,0,0,1,-1,95.0,volvo,four,sedan,rwd,front,109.1,0.9072561268620856,0.9569444444444445,0.9280936454849499,2952,ohc,four,141,mpfi,3.78,3.15,9.5,114,5400.0,23,28,16845,10.0,8.0,low
196,0,1,0,1,-1,95.0,volvo,four,sedan,rwd,front,109.1,0.9072561268620856,0.9555555555555555,0.9280936454849499,3049,ohc,four,141,mpfi,3.78,3.15,8.7,160,5300.0,19,25,19045,12.0,9.0,medium
197,1,0,0,1,-1,95.0,volvo,four,sedan,rwd,front,109.1,0.9072561268620856,0.9569444444444445,0.9280936454849499,3012,ohcv,six,173,mpfi,3.58,2.87,8.8,134,5500.0,18,23,21485,13.0,10.0,medium
198,0,1,1,0,-1,95.0,volvo,four,sedan,rwd,front,109.1,0.9072561268620856,0.9569444444444445,0.9280936454849499,3217,ohc,six,145,idi,3.01,3.4,23.0,106,4800.0,26,27,22470,9.0,9.0,low
199,0,1,0,1,-1,95.0,volvo,four,sedan,rwd,front,109.1,0.9072561268620856,0.9569444444444445,0.9280936454849499,3062,ohc,four,141,mpfi,3.78,3.15,9.5,114,5400.0,19,25,22625,12.0,9.0,low
